Workbook

Sheet Como usar
B2: Planilha 80/20 para fila de chamados
B3: Mostra quais poucos temas geram a maior parte dos chamados, para saber por onde começar a correção.
B5: Como usar
B6: 1. Na aba Temas, escreva os temas dos seus chamados (até 20), nas células amarelas.
B7: 2. Na aba Chamados, registre cada chamado e escolha o tema na lista. Apague as linhas de exemplo antes.
B8: 3. Abra a aba Pareto 80-20: a tabela e o gráfico se montam sozinhos, do maior para o menor.
B10: Como ler o resultado
B11: 🔴 Prioridade: os poucos temas que somam cerca de 80% da fila. É por eles que a correção começa.
B12: 🟡 Planejar: temas do meio, até 95% da fila. Entram no planejamento, sem urgência.
B13: 🟢 Atendimento normal: o restante segue o fluxo de sempre.
B15: Dicas
B16: • Agrupe por causa provável, não pela descrição do usuário: textos diferentes muitas vezes escondem o mesmo problema.
... B20: Criado por Miller Barros · millerkbarros.github.io/portfolio-profissional

Sheet Pareto 80-20
A1: Pareto 80/20 da fila de chamados
A2: =IF(D25=0,"Sem chamados registrados.",COUNTIF(F5:F24,"🔴*")&" temas concentram "&TEXT(SUMIF(F5:F24,"🔴*",C5:C24)/D25,"0%")&" dos "&D25&" chamados. Comece por eles.") -> 3 temas concentram 80% dos 140 chamados. Comece por eles.
A4: # | B4: Tema | C4: Qtd. | D4: % do total | E4: % acumulado | F4: Faixa
A5: 1 | B5: =IF(LARGE(Temas!$C$2:$C$21,1)<0,"",INDEX(Temas!$A$2:$A$21,MATCH(LARGE(Temas!$C$2:$C$21,1),Temas!$C$2:$C$21,0))) -> OS não sincroniza no mobile | C5: =IF(B5="","",INDEX(Temas!$B$2:$B$21,MATCH(B5,Temas!$A$2:$A$21,0))) -> 52 | D5: =IF(OR(B5="",$D$25=0),"",C5/$D$25) -> 0.37142857 | E5: =IF(D5="","",D5) -> 0.37142857 | F5: =IF(OR(B5="",C5=0),"",IF(0<0.8,"🔴 Prioridade",IF(0<0.95,"🟡 Planejar","🟢 Atendimento normal"))) -> 🔴 Prioridade
A6: 2 | B6: =IF(LARGE(Temas!$C$2:$C$21,2)<0,"",INDEX(Temas!$A$2:$A$21,MATCH(LARGE(Temas!$C$2:$C$21,2),Temas!$C$2:$C$21,0))) -> Baixa de material não grava | C6: =IF(B6="","",INDEX(Temas!$B$2:$B$21,MATCH(B6,Temas!$A$2:$A$21,0))) -> 38 | D6: =IF(OR(B6="",$D$25=0),"",C6/$D$25) -> 0.27142857 | E6: =IF(D6="","",E5+D6) -> 0.64285714 | F6: =IF(OR(B6="",C6=0),"",IF(E5<0.8,"🔴 Prioridade",IF(E5<0.95,"🟡 Planejar","🟢 Atendimento normal"))) -> 🔴 Prioridade
A7: 3 | B7: =IF(LARGE(Temas!$C$2:$C$21,3)<0,"",INDEX(Temas!$A$2:$A$21,MATCH(LARGE(Temas!$C$2:$C$21,3),Temas!$C$2:$C$21,0))) -> Foto não anexa na OS | C7: =IF(B7="","",INDEX(Temas!$B$2:$B$21,MATCH(B7,Temas!$A$2:$A$21,0))) -> 22 | D7: =IF(OR(B7="",$D$25=0),"",C7/$D$25) -> 0.15714286 | E7: =IF(D7="","",E6+D7) -> 0.8 | F7: =IF(OR(B7="",C7=0),"",IF(E6<0.8,"🔴 Prioridade",IF(E6<0.95,"🟡 Planejar","🟢 Atendimento normal"))) -> 🔴 Prioridade
A8: 4 | B8: =IF(LARGE(Temas!$C$2:$C$21,4)<0,"",INDEX(Temas!$A$2:$A$21,MATCH(LARGE(Temas!$C$2:$C$21,4),Temas!$C$2:$C$21,0))) -> Login expira em campo | C8: =IF(B8="","",INDEX(Temas!$B$2:$B$21,MATCH(B8,Temas!$A$2:$A$21,0))) -> 9 | D8: =IF(OR(B8="",$D$25=0),"",C8/$D$25) -> 0.064285714 | E8: =IF(D8="","",E7+D8) -> 0.86428571 | F8: =IF(OR(B8="",C8=0),"",IF(E7<0.8,"🔴 Prioridade",IF(E7<0.95,"🟡 Planejar","🟢 Atendimento normal"))) -> 🟡 Planejar
A9: 5 | B9: =IF(LARGE(Temas!$C$2:$C$21,5)<0,"",INDEX(Temas!$A$2:$A$21,MATCH(LARGE(Temas!$C$2:$C$21,5),Temas!$C$2:$C$21,0))) -> Relatório lento | C9: =IF(B9="","",INDEX(Temas!$B$2:$B$21,MATCH(B9,Temas!$A$2:$A$21,0))) -> 7 | D9: =IF(OR(B9="",$D$25=0),"",C9/$D$25) -> 0.05 | E9: =IF(D9="","",E8+D9) -> 0.91428571 | F9: =IF(OR(B9="",C9=0),"",IF(E8<0.8,"🔴 Prioridade",IF(E8<0.95,"🟡 Planejar","🟢 Atendimento normal"))) -> 🟡 Planejar
A10: 6 | B10: =IF(LARGE(Temas!$C$2:$C$21,6)<0,"",INDEX(Temas!$A$2:$A$21,MATCH(LARGE(Temas!$C$2:$C$21,6),Temas!$C$2:$C$21,0))) -> Endereço incorreto | C10: =IF(B10="","",INDEX(Temas!$B$2:$B$21,MATCH(B10,Temas!$A$2:$A$21,0))) -> 6 | D10: =IF(OR(B10="",$D$25=0),"",C10/$D$25) -> 0.042857143 | E10: =IF(D10="","",E9+D10) -> 0.95714286 | F10: =IF(OR(B10="",C10=0),"",IF(E9<0.8,"🔴 Prioridade",IF(E9<0.95,"🟡 Planejar","🟢 Atendimento normal"))) -> 🟡 Planejar
A11: 7 | B11: =IF(LARGE(Temas!$C$2:$C$21,7)<0,"",INDEX(Temas!$A$2:$A$21,MATCH(LARGE(Temas!$C$2:$C$21,7),Temas!$C$2:$C$21,0))) -> Outros | C11: =IF(B11="","",INDEX(Temas!$B$2:$B$21,MATCH(B11,Temas!$A$2:$A$21,0))) -> 6 | D11: =IF(OR(B11="",$D$25=0),"",C11/$D$25) -> 0.042857143 | E11: =IF(D11="","",E10+D11) -> 1 | F11: =IF(OR(B11="",C11=0),"",IF(E10<0.8,"🔴 Prioridade",IF(E10<0.95,"🟡 Planejar","🟢 Atendimento normal"))) -> 🟢 Atendimento normal
A12: 8 | B12: =IF(LARGE(Temas!$C$2:$C$21,8)<0,"",INDEX(Temas!$A$2:$A$21,MATCH(LARGE(Temas!$C$2:$C$21,8),Temas!$C$2:$C$21,0))) | C12: =IF(B12="","",INDEX(Temas!$B$2:$B$21,MATCH(B12,Temas!$A$2:$A$21,0))) | D12: =IF(OR(B12="",$D$25=0),"",C12/$D$25) | E12: =IF(D12="","",E11+D12) | F12: =IF(OR(B12="",C12=0),"",IF(E11<0.8,"🔴 Prioridade",IF(E11<0.95,"🟡 Planejar","🟢 Atendimento normal")))
A13: 9 | B13: =IF(LARGE(Temas!$C$2:$C$21,9)<0,"",INDEX(Temas!$A$2:$A$21,MATCH(LARGE(Temas!$C$2:$C$21,9),Temas!$C$2:$C$21,0))) | C13: =IF(B13="","",INDEX(Temas!$B$2:$B$21,MATCH(B13,Temas!$A$2:$A$21,0))) | D13: =IF(OR(B13="",$D$25=0),"",C13/$D$25) | E13: =IF(D13="","",E12+D13) | F13: =IF(OR(B13="",C13=0),"",IF(E12<0.8,"🔴 Prioridade",IF(E12<0.95,"🟡 Planejar","🟢 Atendimento normal")))
A14: 10 | B14: =IF(LARGE(Temas!$C$2:$C$21,10)<0,"",INDEX(Temas!$A$2:$A$21,MATCH(LARGE(Temas!$C$2:$C$21,10),Temas!$C$2:$C$21,0))) | C14: =IF(B14="","",INDEX(Temas!$B$2:$B$21,MATCH(B14,Temas!$A$2:$A$21,0))) | D14: =IF(OR(B14="",$D$25=0),"",C14/$D$25) | E14: =IF(D14="","",E13+D14) | F14: =IF(OR(B14="",C14=0),"",IF(E13<0.8,"🔴 Prioridade",IF(E13<0.95,"🟡 Planejar","🟢 Atendimento normal")))
A15: 11 | B15: =IF(LARGE(Temas!$C$2:$C$21,11)<0,"",INDEX(Temas!$A$2:$A$21,MATCH(LARGE(Temas!$C$2:$C$21,11),Temas!$C$2:$C$21,0))) | C15: =IF(B15="","",INDEX(Temas!$B$2:$B$21,MATCH(B15,Temas!$A$2:$A$21,0))) | D15: =IF(OR(B15="",$D$25=0),"",C15/$D$25) | E15: =IF(D15="","",E14+D15) | F15: =IF(OR(B15="",C15=0),"",IF(E14<0.8,"🔴 Prioridade",IF(E14<0.95,"🟡 Planejar","🟢 Atendimento normal")))
A16: 12 | B16: =IF(LARGE(Temas!$C$2:$C$21,12)<0,"",INDEX(Temas!$A$2:$A$21,MATCH(LARGE(Temas!$C$2:$C$21,12),Temas!$C$2:$C$21,0))) | C16: =IF(B16="","",INDEX(Temas!$B$2:$B$21,MATCH(B16,Temas!$A$2:$A$21,0))) | D16: =IF(OR(B16="",$D$25=0),"",C16/$D$25) | E16: =IF(D16="","",E15+D16) | F16: =IF(OR(B16="",C16=0),"",IF(E15<0.8,"🔴 Prioridade",IF(E15<0.95,"🟡 Planejar","🟢 Atendimento normal")))
A17: 13 | B17: =IF(LARGE(Temas!$C$2:$C$21,13)<0,"",INDEX(Temas!$A$2:$A$21,MATCH(LARGE(Temas!$C$2:$C$21,13),Temas!$C$2:$C$21,0))) | C17: =IF(B17="","",INDEX(Temas!$B$2:$B$21,MATCH(B17,Temas!$A$2:$A$21,0))) | D17: =IF(OR(B17="",$D$25=0),"",C17/$D$25) | E17: =IF(D17="","",E16+D17) | F17: =IF(OR(B17="",C17=0),"",IF(E16<0.8,"🔴 Prioridade",IF(E16<0.95,"🟡 Planejar","🟢 Atendimento normal")))
A18: 14 | B18: =IF(LARGE(Temas!$C$2:$C$21,14)<0,"",INDEX(Temas!$A$2:$A$21,MATCH(LARGE(Temas!$C$2:$C$21,14),Temas!$C$2:$C$21,0))) | C18: =IF(B18="","",INDEX(Temas!$B$2:$B$21,MATCH(B18,Temas!$A$2:$A$21,0))) | D18: =IF(OR(B18="",$D$25=0),"",C18/$D$25) | E18: =IF(D18="","",E17+D18) | F18: =IF(OR(B18="",C18=0),"",IF(E17<0.8,"🔴 Prioridade",IF(E17<0.95,"🟡 Planejar","🟢 Atendimento normal")))
A19: 15 | B19: =IF(LARGE(Temas!$C$2:$C$21,15)<0,"",INDEX(Temas!$A$2:$A$21,MATCH(LARGE(Temas!$C$2:$C$21,15),Temas!$C$2:$C$21,0))) | C19: =IF(B19="","",INDEX(Temas!$B$2:$B$21,MATCH(B19,Temas!$A$2:$A$21,0))) | D19: =IF(OR(B19="",$D$25=0),"",C19/$D$25) | E19: =IF(D19="","",E18+D19) | F19: =IF(OR(B19="",C19=0),"",IF(E18<0.8,"🔴 Prioridade",IF(E18<0.95,"🟡 Planejar","🟢 Atendimento normal")))
A20: 16 | B20: =IF(LARGE(Temas!$C$2:$C$21,16)<0,"",INDEX(Temas!$A$2:$A$21,MATCH(LARGE(Temas!$C$2:$C$21,16),Temas!$C$2:$C$21,0))) | C20: =IF(B20="","",INDEX(Temas!$B$2:$B$21,MATCH(B20,Temas!$A$2:$A$21,0))) | D20: =IF(OR(B20="",$D$25=0),"",C20/$D$25) | E20: =IF(D20="","",E19+D20) | F20: =IF(OR(B20="",C20=0),"",IF(E19<0.8,"🔴 Prioridade",IF(E19<0.95,"🟡 Planejar","🟢 Atendimento normal")))
A21: 17 | B21: =IF(LARGE(Temas!$C$2:$C$21,17)<0,"",INDEX(Temas!$A$2:$A$21,MATCH(LARGE(Temas!$C$2:$C$21,17),Temas!$C$2:$C$21,0))) | C21: =IF(B21="","",INDEX(Temas!$B$2:$B$21,MATCH(B21,Temas!$A$2:$A$21,0))) | D21: =IF(OR(B21="",$D$25=0),"",C21/$D$25) | E21: =IF(D21="","",E20+D21) | F21: =IF(OR(B21="",C21=0),"",IF(E20<0.8,"🔴 Prioridade",IF(E20<0.95,"🟡 Planejar","🟢 Atendimento normal")))
A22: 18 | B22: =IF(LARGE(Temas!$C$2:$C$21,18)<0,"",INDEX(Temas!$A$2:$A$21,MATCH(LARGE(Temas!$C$2:$C$21,18),Temas!$C$2:$C$21,0))) | C22: =IF(B22="","",INDEX(Temas!$B$2:$B$21,MATCH(B22,Temas!$A$2:$A$21,0))) | D22: =IF(OR(B22="",$D$25=0),"",C22/$D$25) | E22: =IF(D22="","",E21+D22) | F22: =IF(OR(B22="",C22=0),"",IF(E21<0.8,"🔴 Prioridade",IF(E21<0.95,"🟡 Planejar","🟢 Atendimento normal")))
A23: 19 | B23: =IF(LARGE(Temas!$C$2:$C$21,19)<0,"",INDEX(Temas!$A$2:$A$21,MATCH(LARGE(Temas!$C$2:$C$21,19),Temas!$C$2:$C$21,0))) | C23: =IF(B23="","",INDEX(Temas!$B$2:$B$21,MATCH(B23,Temas!$A$2:$A$21,0))) | D23: =IF(OR(B23="",$D$25=0),"",C23/$D$25) | E23: =IF(D23="","",E22+D23) | F23: =IF(OR(B23="",C23=0),"",IF(E22<0.8,"🔴 Prioridade",IF(E22<0.95,"🟡 Planejar","🟢 Atendimento normal")))
A24: 20 | B24: =IF(LARGE(Temas!$C$2:$C$21,20)<0,"",INDEX(Temas!$A$2:$A$21,MATCH(LARGE(Temas!$C$2:$C$21,20),Temas!$C$2:$C$21,0))) | C24: =IF(B24="","",INDEX(Temas!$B$2:$B$21,MATCH(B24,Temas!$A$2:$A$21,0))) | D24: =IF(OR(B24="",$D$25=0),"",C24/$D$25) | E24: =IF(D24="","",E23+D24) | F24: =IF(OR(B24="",C24=0),"",IF(E23<0.8,"🔴 Prioridade",IF(E23<0.95,"🟡 Planejar","🟢 Atendimento normal")))
B25: Total | C25: =SUM(C5:C24) -> 140 | D25: =SUM(Temas!B2:B21) -> 140
A27: Faixas: 🔴 temas até 80% acumulado · 🟡 até 95% · 🟢 restante. A linha que cruza 80% entra como prioridade.

Sheet Temas
A1: Tema (preencha) | B1: Qtd. chamados | C1: Chave de ordenação
A2: OS não sincroniza no mobile | B2: =IF(A2="","",COUNTIF(Chamados!$C$2:$C$2000,A2)) -> 52 | C2: =IF(A2="",-1,B2+(100-ROW())/1000) -> 52.098
A3: Baixa de material não grava | B3: =IF(A3="","",COUNTIF(Chamados!$C$2:$C$2000,A3)) -> 38 | C3: =IF(A3="",-1,B3+(100-ROW())/1000) -> 38.097
A4: Foto não anexa na OS | B4: =IF(A4="","",COUNTIF(Chamados!$C$2:$C$2000,A4)) -> 22 | C4: =IF(A4="",-1,B4+(100-ROW())/1000) -> 22.096
A5: Login expira em campo | B5: =IF(A5="","",COUNTIF(Chamados!$C$2:$C$2000,A5)) -> 9 | C5: =IF(A5="",-1,B5+(100-ROW())/1000) -> 9.095
A6: Relatório lento | B6: =IF(A6="","",COUNTIF(Chamados!$C$2:$C$2000,A6)) -> 7 | C6: =IF(A6="",-1,B6+(100-ROW())/1000) -> 7.094
A7: Endereço incorreto | B7: =IF(A7="","",COUNTIF(Chamados!$C$2:$C$2000,A7)) -> 6 | C7: =IF(A7="",-1,B7+(100-ROW())/1000) -> 6.093
A8: Outros | B8: =IF(A8="","",COUNTIF(Chamados!$C$2:$C$2000,A8)) -> 6 | C8: =IF(A8="",-1,B8+(100-ROW())/1000) -> 6.092
B9: =IF(A9="","",COUNTIF(Chamados!$C$2:$C$2000,A9)) | C9: =IF(A9="",-1,B9+(100-ROW())/1000) -> -1
B10: =IF(A10="","",COUNTIF(Chamados!$C$2:$C$2000,A10)) | C10: =IF(A10="",-1,B10+(100-ROW())/1000) -> -1
B11: =IF(A11="","",COUNTIF(Chamados!$C$2:$C$2000,A11)) | C11: =IF(A11="",-1,B11+(100-ROW())/1000) -> -1
B12: =IF(A12="","",COUNTIF(Chamados!$C$2:$C$2000,A12)) | C12: =IF(A12="",-1,B12+(100-ROW())/1000) -> -1
B13: =IF(A13="","",COUNTIF(Chamados!$C$2:$C$2000,A13)) | C13: =IF(A13="",-1,B13+(100-ROW())/1000) -> -1
B14: =IF(A14="","",COUNTIF(Chamados!$C$2:$C$2000,A14)) | C14: =IF(A14="",-1,B14+(100-ROW())/1000) -> -1
B15: =IF(A15="","",COUNTIF(Chamados!$C$2:$C$2000,A15)) | C15: =IF(A15="",-1,B15+(100-ROW())/1000) -> -1
B16: =IF(A16="","",COUNTIF(Chamados!$C$2:$C$2000,A16)) | C16: =IF(A16="",-1,B16+(100-ROW())/1000) -> -1
B17: =IF(A17="","",COUNTIF(Chamados!$C$2:$C$2000,A17)) | C17: =IF(A17="",-1,B17+(100-ROW())/1000) -> -1
B18: =IF(A18="","",COUNTIF(Chamados!$C$2:$C$2000,A18)) | C18: =IF(A18="",-1,B18+(100-ROW())/1000) -> -1
B19: =IF(A19="","",COUNTIF(Chamados!$C$2:$C$2000,A19)) | C19: =IF(A19="",-1,B19+(100-ROW())/1000) -> -1
B20: =IF(A20="","",COUNTIF(Chamados!$C$2:$C$2000,A20)) | C20: =IF(A20="",-1,B20+(100-ROW())/1000) -> -1
B21: =IF(A21="","",COUNTIF(Chamados!$C$2:$C$2000,A21)) | C21: =IF(A21="",-1,B21+(100-ROW())/1000) -> -1
A23: A coluna C só serve para ordenar o Pareto e desempatar temas com a mesma quantidade.

Sheet Chamados
A1: Nº do chamado | B1: Data | C1: Tema | D1: Descrição (opcional)
A2: CH-1001 | B2: 46266 | C2: OS não sincroniza no mobile | D2: Exemplo ilustrativo
A3: CH-1002 | B3: 46267 | C3: Foto não anexa na OS | D3: Exemplo ilustrativo
A4: CH-1003 | B4: 46268 | C4: Baixa de material não grava | D4: Exemplo ilustrativo
A5: CH-1004 | B5: 46269 | C5: OS não sincroniza no mobile | D5: Exemplo ilustrativo
A6: CH-1005 | B6: 46270 | C6: Baixa de material não grava | D6: Exemplo ilustrativo
A7: CH-1006 | B7: 46271 | C7: OS não sincroniza no mobile | D7: Exemplo ilustrativo
A8: CH-1007 | B8: 46272 | C8: Endereço incorreto | D8: Exemplo ilustrativo
A9: CH-1008 | B9: 46273 | C9: Baixa de material não grava | D9: Exemplo ilustrativo
A10: CH-1009 | B10: 46274 | C10: OS não sincroniza no mobile | D10: Exemplo ilustrativo
A11: CH-1010 | B11: 46275 | C11: Outros | D11: Exemplo ilustrativo
A12: CH-1011 | B12: 46276 | C12: Baixa de material não grava | D12: Exemplo ilustrativo
A13: CH-1012 | B13: 46277 | C13: OS não sincroniza no mobile | D13: Exemplo ilustrativo
... A141: CH-1140 | B141: 46285 | C141: Baixa de material não grava | D141: Exemplo ilustrativo
